{"cameraMode":{"drawMode":0,"name":"Shaded","section":"Shading Mode"},"sceneLighting":true,"audioPlay":false,"sceneViewState":{"showFog":false,"showMaterialUpdate":false,"showSkybox":false,"showFlares":false,"showImageEffects":false,"showParticleSystems":false},"in2DMode":false,"pivot":{"x":2.977917194366455,"y":4.546534538269043,"z":-22.759397506713868},"rotation":{"x":0.10618434101343155,"y":-0.04621994495391846,"z":0.004941361956298351,"w":0.9932628273963928},"size":9.336255073547364,"orthographic":false}