{"cameraMode":{"drawMode":0,"name":"Shaded","section":"Shading Mode"},"sceneLighting":true,"audioPlay":false,"sceneViewState":{"showFog":false,"showMaterialUpdate":false,"showSkybox":false,"showFlares":false,"showImageEffects":false,"showParticleSystems":false},"in2DMode":false,"pivot":{"x":1.8328607082366944,"y":-2.1262545585632326,"z":-5.411147117614746},"rotation":{"x":-0.23193499445915223,"y":0.043753769248723987,"z":-0.010452909395098687,"w":-0.9717005491256714},"size":897.67822265625,"orthographic":false}